name,has_proof_actions
/home/lhz/verus-proof-synthesis/benchmarks/MBPP/unverified/task_id_764.rs,False
name,has_proof_actions
/home/lhz/verus-proof-synthesis/benchmarks/MBPP/unverified/task_id_764.rs,False
/home/lhz/verus-proof-synthesis/benchmarks/MBPP/unverified/task_id_436.rs,False
/home/lhz/verus-proof-synthesis/benchmarks/MBPP/unverified/task_id_743.rs,False
/home/lhz/verus-proof-synthesis/benchmarks/MBPP/unverified/task_id_433.rs,False
/home/lhz/verus-proof-synthesis/benchmarks/MBPP/unverified/task_id_457.rs,False
/home/lhz/verus-proof-synthesis/benchmarks/MBPP/unverified/task_id_741.rs,False
/home/lhz/verus-proof-synthesis/benchmarks/MBPP/unverified/task_id_62.rs,False
/home/lhz/verus-proof-synthesis/benchmarks/MBPP/unverified/task_id_644.rs,False
/home/lhz/verus-proof-synthesis/benchmarks/MBPP/unverified/task_id_775.rs,False
/home/lhz/verus-proof-synthesis/benchmarks/MBPP/unverified/task_id_807.rs,False
/home/lhz/verus-proof-synthesis/benchmarks/MBPP/unverified/task_id_809.rs,False
/home/lhz/verus-proof-synthesis/benchmarks/MBPP/unverified/task_id_424.rs,False
/home/lhz/verus-proof-synthesis/benchmarks/MBPP/unverified/task_id_113.rs,False
/home/lhz/verus-proof-synthesis/benchmarks/MBPP/unverified/task_id_579.rs,False
/home/lhz/verus-proof-synthesis/benchmarks/MBPP/unverified/task_id_95.rs,False
/home/lhz/verus-proof-synthesis/benchmarks/MBPP/unverified/task_id_262.rs,False
/home/lhz/verus-proof-synthesis/benchmarks/MBPP/unverified/task_id_755.rs,False
/home/lhz/verus-proof-synthesis/benchmarks/MBPP/unverified/task_id_2.rs,False
/home/lhz/verus-proof-synthesis/benchmarks/MBPP/unverified/task_id_307.rs,False
/home/lhz/verus-proof-synthesis/benchmarks/MBPP/unverified/task_id_261.rs,False
